DateTime,Prompt,URLPath
2026-02-20T22:06:49Z,"When clicking the top navigation to change from explore/film/#resources to explore/film/#questions, rather than reloading the page, those links should send ""#resouces"" and ""#questions"" and only toggle the text displayed in .topTitle and .containerPaddingRight. Currently ""film"" reside in those links after the initial click.",/v1/videos/generations/7e980fb7-d764-a861-84d3-e288780288a5
2026-02-20T22:12:01Z,"When clicking the top navigation to change from explore/film/#resources to explore/film/#questions, rather than reloading the page, those links should send ""#resouces"" and ""#questions"" and only toggle the text displayed in .topTitle and .containerPaddingRight. Currently ""film"" reside in those links after the initial click.",/v1/videos/generations/241836d9-b15d-2a60-a7da-d72deefbbf16
2026-02-20T22:21:11Z,"When clicking the top navigation to change from explore/film/#resources to explore/film/#questions, rather than reloading the page, those links should send ""#resouces"" and ""#questions"" and only toggle the text displayed in .topTitle and .containerPaddingRight. Currently ""film"" reside in those links after the initial click.",/v1/videos/generations/8fdd6462-3fe4-22c4-93c3-283e24d65b0a
2026-02-20T22:21:32Z,"When clicking the top navigation to change from explore/film/#resources to explore/film/#questions, rather than reloading the page, those links should send ""#resouces"" and ""#questions"" and only toggle the text displayed in .topTitle and .containerPaddingRight. Currently ""film"" reside in those links after the initial click.",/v1/videos/generations/de046b60-9eb5-83d2-bd86-35bba542d2ca
2026-02-20T22:37:23Z,"Beautiful realistic cinematic intro scene cool clouds from a promotional video about Aerospace in Georgia. Extremely accurate image of the Gulfstream Aerospace G300 taking off in Savannah with the roar of the engine being excessively loud and a crowd waving in the distance. No signage or text.",/v1/videos/generations/1bc83b6b-752f-aac4-74c4-6d652cf5a612
2026-02-20T22:37:41Z,"Beautiful realistic cinematic intro scene cool clouds from a promotional video about Aerospace in Georgia. Extremely accurate image of the Gulfstream Aerospace G300 taking off in Savannah with the roar of the engine being excessively loud and a crowd waving in the distance. No signage or text.",/v1/videos/generations/944a198e-728e-48d7-f34a-f51572cd5479
2026-02-20T22:48:28Z,"The roar of the engine and theme song capture the viewer's attention as very fast footage from a drone camera moving in a fast arch toward a Gulfstream Aerospace G300 travelling down a runway covering an extended distance moving fast before takingoff over Savannah. The drone camera pans quickly to follow the plane as it lifts into the air and we see the surrounding Savannah airport landscape in a wide cinematic intro scene with cool clouds as the intro to a fast-paced video about Aerospace innovation in Georgia. No signage or text.",/v1/videos/generations/ea58e4a8-3b18-a4da-e268-fa5de394464f
2026-02-20T22:48:44Z,"The roar of the engine and theme song capture the viewer's attention as very fast footage from a drone camera moving in a fast arch toward a Gulfstream Aerospace G300 travelling down a runway covering an extended distance moving fast before takingoff over Savannah. The drone camera pans quickly to follow the plane as it lifts into the air and we see the surrounding Savannah airport landscape in a wide cinematic intro scene with cool clouds as the intro to a fast-paced video about Aerospace innovation in Georgia. No signage or text.",/v1/videos/generations/91f36987-159a-e6fb-631e-c0375562c550
2026-02-20T22:52:58Z,"The roar of the engine and theme song capture the viewer's attention as fast footage from a drone camera pans and follows a Gulfstream Aerospace G300 travelling down a runway covering an extended distance moving fast before taking off over Savannah. Avoid taking off too steeply, very gradual. The drone camera follows the plane as it lifts into the air and we see the surrounding Savannah airport landscape in a wide cinematic intro scene with cool clouds as the intro to a fast-paced video about Aerospace innovation in Georgia. No signage or text.",/v1/videos/generations/0280cb10-60d6-8a7a-a269-63f1b370f3d9
2026-02-27T22:01:17Z,"A story about corruption at the High Museum.",/v1/videos/generations/041285e0-e86b-bc42-6ff7-c5b487e6f001
